id,sku,title,game_title,description,price,game_ID,game_SKU
0,442403950907,Cards,white blade,Replacement card deck,10.0,1000109,115153344249
1,404875743769,Cards,different gallon,Replacement card deck,10.0,1000055,101591922267
2,431266652277,Dice,golden clam,Game Dices for rolls,5.0,1000238,132304402752
3,486505226760,Figurines,original explanation,Replacement figurines,15.0,1000148,104553406468
4,477717420795,Figurines,reliable nephew,Replacement figurines,15.0,1000082,159929577929
5,470047069120,Dice,big steamroller,Game Dices for rolls,5.0,1000258,167784852301
6,468558252921,Cards,stingy sharon,Replacement card deck,10.0,1000066,118675935929
7,405674742555,Cards,potential approval,Replacement card deck,10.0,1000076,141781173051
8,404357601290,Cards,olympic jot,Replacement card deck,10.0,1000171,187071644897
9,425815686213,Figurines,uncomfortable mechanic,Replacement figurines,15.0,1000244,185407492438
10,413565683366,Cards,weird air,Replacement card deck,10.0,1000072,101166955093
11,436023930700,Cards,soft bike,Replacement card deck,10.0,1000216,138812386935
12,492102453170,Dice,gothic cuckoo,Game Dices for rolls,5.0,1000200,131841112651
13,444827427321,Cards,violent eyelid,Replacement card deck,10.0,1000163,189648453939
14,443424780643,Figurines,dangerous bolero,Replacement figurines,15.0,1000166,188160550480
15,468511588498,Cards,careful crack,Replacement card deck,10.0,1000130,177897644317
16,471196175421,Cards,metropolitan observation,Replacement card deck,10.0,1000257,131625732236
17,400196940732,Dice,orthodox sunroom,Game Dices for rolls,5.0,1000185,153336251294
18,476452582019,Figurines,unlikely shoe-horn,Replacement figurines,15.0,1000191,155661081707
19,423055014404,Dice,environmental apse,Game Dices for rolls,5.0,1000246,161793147487
20,493397631242,Cards,elegant morning,Replacement card deck,10.0,1000039,157789013108
21,461335591869,Figurines,commercial jail,Replacement figurines,15.0,1000047,101243502533
22,480367386899,Cards,prominent brazil,Replacement card deck,10.0,1000211,132132079206
23,467233904079,Cards,necessary folder,Replacement card deck,10.0,1000062,182295756397
24,462482803822,Cards,visible swan,Replacement card deck,10.0,1000077,159944198106
25,411683814760,Figurines,correct footrest,Replacement figurines,15.0,1000161,125151848280
26,499409074979,Dice,rival briefs,Game Dices for rolls,5.0,1000203,192291742391
27,454697719468,Dice,mammoth shortwave,Game Dices for rolls,5.0,1000027,134548331917
28,486079796909,Dice,minor laundry,Game Dices for rolls,5.0,1000180,126181976561
29,402246603621,Dice,fatal awareness,Game Dices for rolls,5.0,1000084,120596758697
30,477406379170,Figurines,shared processing,Replacement figurines,15.0,1000030,139891051381
31,415039425654,Figurines,promising title,Replacement figurines,15.0,1000174,182232002232
32,473355398342,Cards,standard duplexer,Replacement card deck,10.0,1000230,162871184978
33,448234865153,Dice,favourite somewhere,Game Dices for rolls,5.0,1000141,143756977645
34,495159877228,Figurines,western scheme,Replacement figurines,15.0,1000255,132701307689
35,457488446842,Figurines,prominent hardening,Replacement figurines,15.0,1000105,160558556111
36,455485377279,Dice,beneficial mind,Game Dices for rolls,5.0,1000176,164503531318
37,430975774222,Cards,premier profession,Replacement card deck,10.0,1000232,196370173779
38,447517893204,Figurines,intensive independent,Replacement figurines,15.0,1000135,100789046105
39,452955355231,Cards,fierce palm,Replacement card deck,10.0,1000014,102074775082
40,427102381949,Figurines,empty maximum,Replacement figurines,15.0,1000199,182522887363
41,448157827016,Figurines,perfect philippines,Replacement figurines,15.0,1000026,149434246913
42,421339290367,Figurines,strong trip,Replacement figurines,15.0,1000146,100367597173
43,432092606450,Figurines,pleased fiddle,Replacement figurines,15.0,1000035,122785493391
44,489898478523,Dice,lucky role,Game Dices for rolls,5.0,1000165,134001731583
45,438779390197,Dice,outstanding detention,Game Dices for rolls,5.0,1000139,188937171897
46,467029104686,Dice,super analysis,Game Dices for rolls,5.0,1000172,137647507838
47,496663680628,Dice,rubber foam,Game Dices for rolls,5.0,1000037,102408404598
48,410619932348,Figurines,hot statistic,Replacement figurines,15.0,1000160,178132990532
49,484103753537,Dice,loud france,Game Dices for rolls,5.0,1000043,176179356710
50,442224030000,Cards,important neuropathologist,Replacement card deck,10.0,1000131,158796282225
51,493711205605,Dice,mad ability,Game Dices for rolls,5.0,1000053,136966836429
52,487547353327,Cards,various laborer,Replacement card deck,10.0,1000189,186414916241
53,453341470455,Figurines,mixed semicolon,Replacement figurines,15.0,1000177,124877170896
54,432419831719,Dice,planned calf,Game Dices for rolls,5.0,1000075,156502423858
55,466652679259,Cards,tiny marketing,Replacement card deck,10.0,1000138,189097567776
56,458858721159,Cards,dual cactus,Replacement card deck,10.0,1000167,142903893220
57,448457698513,Dice,numerous scale,Game Dices for rolls,5.0,1000086,122370756857
58,428113958740,Dice,flying loaf,Game Dices for rolls,5.0,1000248,133184266904
59,485393451757,Figurines,rolling union,Replacement figurines,15.0,1000207,195734150559
60,406989781434,Cards,silent thought,Replacement card deck,10.0,1000243,148412458084
61,400671800721,Figurines,zany campaign,Replacement figurines,15.0,1000099,122790452612
62,483610118343,Dice,unconscious congresswoman,Game Dices for rolls,5.0,1000156,133652714825
63,426366274201,Dice,bitter finisher,Game Dices for rolls,5.0,1000087,161884461745
64,414767583200,Figurines,ruling sill,Replacement figurines,15.0,1000114,181355688292
65,480575258953,Figurines,injured freedom,Replacement figurines,15.0,1000031,185309308105
66,447747824931,Dice,beautiful pumpkin,Game Dices for rolls,5.0,1000245,168556694590
67,462230125000,Dice,turkish lynx,Game Dices for rolls,5.0,1000222,186043447762
68,428805323296,Figurines,planned casserole,Replacement figurines,15.0,1000168,164540429977
69,488448863791,Cards,clever sneakers,Replacement card deck,10.0,1000242,137928896824
70,443202895921,Dice,soft tramp,Game Dices for rolls,5.0,1000262,184839518783
71,456880951768,Figurines,brilliant dame,Replacement figurines,15.0,1000056,158834124173
72,434515276880,Figurines,allied professional,Replacement figurines,15.0,1000260,175040772880
73,408856138513,Figurines,romantic rheumatism,Replacement figurines,15.0,1000126,150313477688
